_,10835,525
__,829,146
_bloodybloody_,52,94
_EricSchmidt,580,445
aaronlammer,1133,430
aaronpk,1676,561
AaronSoloway,4,0
activefree,1133,63
adammathes,374,176
admiralspider,159,205
adrianholovaty,9945,220
alexismallen,156,116
alisonhallett,2357,699
allidryer,179,233
alphacolin,893,829
amberdawn,876,422
AndreiCervantes,224,280
andrewcatton,2202,372
andrewhao,264,174
andrewlovseth,31,76
Angelcore,286,480
anildash,420868,1230
anthro,58,104
antichrista,2881,392
apatriq,858,599
APowell10,1721,300
AppleSoupRadio,147,160
ario,3511,339
arne,1174,269
asianmack,804,177
atduskgreg,2037,635
attaboy,3041,617
AustinTHaas,74,133
avantARL,15,19
avibryant,6539,594
axelletess,1861,237
ayman,1933,357
bahoo,512,293
beach,1751,367
benbrown,2618,281
Benco,155,113
benjaminlotan,1972,427
BenWard,7643,678
benwerd,3225,1308
bergatron,995,258
bertrandom,519,251
Beschizza,4946,359
bfirsh,1010,328
bhefter,256,213
bifurcations,207,182
billder,3220,804
billjive,785,339
birsic,1318,318
blaine,12873,903
boboramason,413,234
bowlerjim,323,487
bradbarrish,2634,2123
BradEllis,1319,82
brady,10715,2358
bre,15224,191
brennannovak,3810,535
brianellin,5442,1048
brianwhite,1965,237
brrdatplay,399,410
buchino,925,368
bump,3217,3276
byrnereese,925,238
Cabel,53733,297
cadler,3760,715
cainlevy,532,43
caseorganic,15446,4313
caseypugh,1187,410
Caterina,75669,744
cbowns,1516,214
ceedub,3832,740
Celiaka,324,481
chaddickerson,7151,927
chadsnuts,393,251
challf,28,44
chase_reeves,1501,456
chipbrantley,1069,897
chrisauel,263,290
chrisdary,540,351
chrishiggins,998,501
chrismcclelland,1664,856
ChrisMuccioli,563,467
chrisp,307,186
chrisrivard,341,480
cindijocheaney,15,29
cjmartin,1492,363
ckrub,267,404
clarkus,191,534
codypeterson,1068,1101
colinmsaunders,19,3
colleenromike,62,118
coopermchatton,56,145
couch,2842,470
Coudal,22844,568
cruffenach,539,552
cstcroix,160,243
cubesebuc,321,474
dalasv,588,79
danadub,35,54
danbenjamin,27183,217
danbruno,843,344
dandrabik,114,20
danharmon,152091,316
danmessing,1290,654
danprovost,763,233
danribaudo,70,108
daryn,1787,545
davidfg,9177,498
davidtweets,1166,1012
dawntweet,409,1
ddukes,3136,1021
dealingwith,668,301
dianakimball,3318,437
digimarkus,185,165
Disasterpeace,3801,260
dokas,453,229
donttrythis,761479,140
drbparsons,1210,335
dreamyshade,114,140
drnormal,1646,1565
duncan,6110,725
dwineman,3802,227
ebohling,224,235
eclaire_reese,446,397
EDGELABSLLC,2,0
edwario,732,1387
ekai,4998,2034
elea,1258,96
eliot,1868,272
ellenchisa,820,918
emckean,4856,714
emilepetrone,1537,247
emp,849,666
ericholscher,1659,259
eriiicam,551,270
erikhanberg,1015,895
erikprice,1570,270
erinjo,1597,695
ErinMcGathy,2255,315
erinw,272,126
ev_rat,4639,449
EvanOsherow,213,136
everycopy,65,61
factorynicole,38,140
fimoculous,8664,1343
flipzagging,490,312
fnerg,86,47
fraying,9663,470
fredbenenson,3599,2048
furtivecode,271,198
garychou,3552,1987
geekygirldawn,4946,660
getdizzzy,290,200
gknauss,4072,155
GlennF,7279,1085
gnat,7621,1607
go,2867,242
goodonpaper,5650,251
gregcohn,1885,1453
haddiebird,1223,523
happeness,430,108
HarloPetoskey,48,97
hc,3728,1456
hchamp,4568,285
heartshapedsky,518,328
helena,3952,724
hellbox,675,386
hesketh,980,349
heyitsgarrett,867,100
holgate,112,195
hondanhon,3011,1061
hoverbird,52617,988
howardweaver,2532,561
hungrymofo,9,1
i2pi,2260,729
idontlikewords,1441,1262
iEMKelley,87,167
indiegamemovie,13498,1120
j,25528,442
jabancroft,4662,1654
jacob,4217,1334
jamesshore,3770,119
jamiew,2796,427
JaminWar,3004,349
jandersen,1102,447
jaredmoran,253,138
jasonmauer,744,268
jasonsanders,752,671
jasonsantamaria,298151,303
javan,812,288
jbarratt,514,1165
jdherg,268,658
JeffVeldhuizen,105,138
jenbee,9331,1524
jenlankford,628,1244
jennydeluxe,463075,3402
jenred,412,532
jeremybell,1092,564
JESS3,16694,16928
jessegenet,129,115
jessevondoom,2048,228
jessiechar,5944,113
jezburrows,4538,432
jimkidwell,82,118
jimmythehorn,1197,406
jk_keller,876,407
jkglei,1492,79
jkottke,169598,191
jlax,1794,346
jmacias,689,543
JoeBlubaugh,262,337
joeks,243,126
joelbush,827,442
JoeyFameli,1634,247
JohnBiehler,3516,3070
johnguenin,155,112
JohnTheBastard,1273,549
jonasdowney,551,154
jonbuda,483,394
jonpierce,3356,295
joshm,1958,192
joshsucher,23,93
joshu,26851,479
joshualane,2313,287
JRB3000,97,304
juellez,215,294
JuliaNunes,30960,64
justinogarrity,666,429
kaebot,943,167
kaisdavis,1654,138
karenism,3634,495
kastner,4422,324
kccr,677,406
kepano,204,123
kevinefclark,529,742
kevinmarks,19174,2616
kilmc,444,224
kiostark,2006,1205
kitt,1371,639
kleptones,1859,412
KodinLanewave,463,600
konklone,765,285
kriesse,1048,356
kump,876,768
kveton,3746,1151
lainshakespeare,1104,349
larrylegend,1392,466
laurawhipple,80,31
leyink,1607,560
lhl,1988,469
Linkletter,155,391
lisannepajot,1705,574
lonelysandwich,35400,263
Loobylu,4286,407
lucastswick,93,165
lz,149,81
magicbeans,1030,465
magnetbox,1244,314
mahansen,332,263
malbiniak,1899,396
mandrsn,32,92
mantia,9009,100
marcprecipice,1707,301
markdicristina,513,353
mat,19285,322
matasar,1763,322
mathowie,11707,464
mattlatmatt,1495,363
matto,885,264
maxvoltar,21242,186
MayorRock,1168,818
mc_frontalot,19881,100
mcclux,57,86
meandmybadself,349,196
megcouch,110,319
megnut,5097,145
Merrill,1022,651
messhof,2867,205
metafedora,196,291
MetaGrrrl,1266,112
meyer,1556,202
mezzoblue,149109,313
michael,2986,252
michal_nicolas,417,71
miekd,3844,169
MikeCP,2050,202
miketatum,722,135
mintchaos,653,345
mischa,11410,908
mojodna,955,380
monkeyspin,113,123
mrgan,14206,189
mroth,2127,261
MsEmilyApple,2362,64
msnetworknews,366,348
mutgoff,262815,728
mwichary,1464,461
nataliaenvy,4112,412
natebunnyfield,902,1155
nblinks,95,84
neb,3624,431
nelson,4290,257
nelz9999,574,493
nerdyc,395,193
nickd,2113,171
nicole,36579,209
nicolehe,1170,253
nilswalk,121,64
ninavizz,1115,974
noirinp,1083,334
noneck,4056,1856
nstop,598,339
nyergler,451,283
obra,1595,591
octothorpnyc,217,129
olofster,379,221
orenjacob,4553,455
owenfi,120,217
parenthacks,147915,568
patr1ck,1147,250
PattiR,214,158
paulozoom,1326,250
paulp,77,169
paulrobertlloyd,1617,81
pbausch,976,193
pdxhdking,15,13
ph,2135,320
pheezy,1352,2000
philiprenich,206,112
pinwheel,822,209
potentato,303,217
professorlemeza,966,145
prunellasoap,1030,786
psth,12,27
purdybot,90,45
quince,266,315
qwzybug,394,200
R,19270,1660
r0bl0rd,1921,1290
rabble,10677,927
rael,15594,403
randallcoston,10,25
randyjhunt,3983,311
rbbrown,1311,670
rborkows,154,444
rbxbx,693,387
rcoder,1456,485
rderstadt,180,521
realasa,17,46
redpath,40,37
reidab,1450,812
Rekcahdam,266,215
RellyAB,4603,582
rje7,2363,2660
rlovinger,2763,521
roberthuston,332,613
robotkid,765,500
rollo,181,102
roncarmel,1031,27
rosenboy,1116,339
rstevens,17186,721
ryantate,5430,458
samtripodi,140,148
sanfranannie,254,515
santheo,820,428
saralouhicks,540,868
schaedle,29,145
schampeo,872,570
schonstal,235,312
SchoolhouseElec,1165,171
scottandrew,439,117
ScottBeale,3157,1122
scottros,6151,599
scottsimpson,22472,223
secretmildred,279,192
shannyoung,14,11
simplescott,5477,754
sippey,7520,910
sisoma,1586,1213
sixfoot6,751,345
skampy,1925,403
skinny,2231,574
skr,3504,559
skry,672,512
snsnsns,229,645
solmssen,480,340
SongkickArtists,167,24
soundboy,5250,872
spacehurricanes,280,117
spavis,413,410
spenceke,1872,312
spencergregson,63,80
sstrudeau,916,400
standardpixel,572,106
starkey23,722,1226
stickwithjosh,629,362
stormka,525,339
strle,458,329
SunnyBates,1634,148
surj,1122,266
susanjrobertson,222,252
svaj,17,22
t,42615,960
tangenteer,186,205
tara,9331,555
taryncowart,192,303
Taylor_Lorenz,811,901
tdreyno,891,212
tekniklr,593,186
textfiles,6659,309
TheAdnostic,1028,293
thecraigallen,531,53
theory,1663,794
ThomasPhinney,1493,100
thoughtbrain,460,408
tiboutoo,459,203
timoni,4573,316
timoreilly,1608371,931
timothyjordan,1499,162
toddmchatton,242,464
toddsattersten,2544,1075
tofslie,2986,864
tomorrowsghosts,30,50
torrez,6363,824
ToWatchList,5,28
trisignia,537,449
tunaball,1053,613
turoczy,9643,8834
uhlume,103,132
waxpancake,16721,512
whit537,370,354
witz,654,297
worksiteco,14,22
Xelecium,215,125
xolotl,2288,2402
xor,1741,430
yewknee,1824,370
youknowmo,85,110
yuda,856,372
